id,35114065,listingDate,2017-12-20T13,00,00Z,title,Consultant Sales- Outbound,teaser,We are currently seeking multiple Sales Consultants to join our Melbourne Outbound Contact Centre on a full-time basis.,bulletPoints,[Largest Energy retailer - Great work environment,Location, Melbourne, VIC,Application close date, 23rd December 2017],advertiser,
id,33718438,description,Origin,logo,
id,560284,description,560284.png,isPremium,true,isStandOut,true,location,Melbourne,locationId,1002,area,CBD & Inner Suburbs,areaId,5069,workType,Full Time,classification,
id,1204,description,Call Centre & Customer Service,subClassification,
id,6085,description,Customer Service - Call Centre,salary,$50k - $60k p.a.,companyProfileStructuredDataId,0,locationWhereValue,All Melbourne VIC,areaWhereValue,Melbourne CBD & Inner Suburbs Melbourne VIC,automaticInclusion,false,joraClickTrackingUrl,https,\u002F\u002Fevents.jora.com\u002Fv1\u002Fc.gif?d=lhh87mbpjtd47bhvhf9bs60kfmZgg9zdjv12jz7b9w5y1fbh5x35790s6pnphdtn5wx2ncxv009vhzpykfvlf3cfx20xrc8gggxv16b876dr0nwgw0hxsgl4gbvjtwvdq13lbtb3mxbpf7tk0z5vd9g9zkk8bs479d23lnv369cb30xthm2kkh6wcdfm18n4x1llknj69lbg8ykm1fn01vjgrvbb3yrAsh0gd0k143y4wkysr4qt089b8kkvb4rlc1m2tAbzq3Akf9Abv7vyfw8mqp570zbrv0ps689g5vp4428m8272fyhApx040gqyh7wms6q678m6kjq&rd=605158&tk=b674cf6f3e6d221b,joraImpressionTrackingUrl,https,\u002F\u002Fevents.jora.com\u002Fv1\u002Fi.gif?d=3r8dgmpptj3ct3vkAy012dl4fqZ3vns8z6thA9vwjj7vcrn986bj9dw7nf9A2q3nn3vtsl6yg378mhqgkhtxmwhrdqbAtrjbr8tt0hx65m060ts7pj04sjyxt6h9qw2r21r30y34ys1l0bds1mp1b1Amqw5wt7vx0s84yqdv6tfw0cxmklllycq27sf8qsff8gv61kA34lcdv1h3kgr9knypsnzbyAvn4z0ky266Ahq28g8z8y0z14145zvgy5khsl9wjkhdm7lpftp6hn2641fz4wkp6q1m3qqrcpzAh4bpz113lgh1nc2vAxk845x4gt5fkh5p3vAk33q&rd=607229&tk=f3230cd6fd9ce5f4,displayType,promoted,tracking,ewogICJ0b2tlbiI6ICJmMjNkMzdkNy1lZWEyLTRiMjUtYWExMC1mOWQ0NTE1YmQyNDJfMSIKfQ==,queryString,type,promoted,tier,no_tier,pos,1,where
id,3000,
id,35115231,listingDate,2017-12-20T13,00,00Z,title,Telstra Store Geelong Region \Retail Sales & Customer Service Consultants\ - FT,teaser,Our Telstra Stores in Geelong are currently seeking full time team members. Want to be part of Australia's best group of Telstra Stores? Join today!,bulletPoints,[Generous salary and uncapped commissions\u002Fbonus program,A fun, friendly and energetic team. Sell Australia's best network and devices.,Locally owned success story. Work in any of our 3 local Telstra Stores.],advertiser,
id,22101081,description,TBC Geelong,logo,
id,667290,description,667290.png,isPremium,true,isStandOut,true,location,Geelong & Great Ocean Road,locationId,5068,area,,workType,Full Time,classification,
id,6043,description,Retail & Consumer Products,subClassification,
id,6050,description,Retail Assistants,salary,$50,000 base plus super + commission,companyProfileStructuredDataId,0,locationWhereValue,Geelong & Great Ocean Road VIC,automaticInclusion,false,joraClickTrackingUrl,https,\u002F\u002Fevents.jora.com\u002Fv1\u002Fc.gif?d=9tAA50vz42qx7vqf67sknhq7s1Zd845zhq9Atfn7r0hh98x924Ad2m4dy72rqw6v3xf4hz15sh5h8j8bqm59x7mr3rmf2mr1dq9q3wcmdkfwwy9w9blz90hjtrj9r5svlpsAwhtl2r5fjj1qbqc327cmrvnhgAn9lzsbxptjszmzwzmt6wvzjrplbgstp9qjzyfwjdj8z04pz9461ck9z9x942lz99shx93fftA9cn4dg2yfxthj8qlvgng3nkm302mpg235rw7t6xjwwbj4qjhckp1xbpskkpx3jrsj95Axy9skr48bpw495smmz5dj8bkdh7rvgA4f12q&rd=610391&tk=8752dd795f90d47e,joraImpressionTrackingUrl,https,\u002F\u002Fevents.jora.com\u002Fv1\u002Fi.gif?d=sh3976zj1pA2wt7p285npbr9cqZbqrxkm766gbdbzxc0t4w7g6nz53kjt6cb7z7hlz1q0ljlqjzlt5nc5s1m3r60l2A9tvzhv8kAf16596rpr302gm605x30vcq5jng1n60b8yp3r9lwqxsc1A3dbr24pznj6Acv7j489l00vmsr89bcz7b0g9r22nlzpgAktAg5tf93c4k6qf8mk85cgw49jhf7tc3kwk1jnvfvx08q18y0hfcf2798l84ys3dmnn1r2ygw5zy76r5zwllpf8mwyrch4fr8pngbkdx5rrkhjq01z2ncf4c94p76stnbt6ygq7mnsy4pr6q&rd=612219&tk=dcd218cd305bde86,displayType,promoted,tracking,ewogICJ0b2tlbiI6ICJmMjNkMzdkNy1lZWEyLTRiMjUtYWExMC1mOWQ0NTE1YmQyNDJfMiIKfQ==,queryString,type,promoted,tier,no_tier,pos,2,where
id,3000,
id,35135733,listingDate,2017-12-21T12,52,40Z,title,Coordinator - Glen Waverley and Mount Waverley based,teaser,Salary Packaging + a great work life balance + purchased leave scheme + making a difference to the lives of people with a disability,bulletPoints,[],advertiser,
id,14910956,description,Scope (Aust) Ltd,logo,
id,,description,null,isPremium,false,isStandOut,false,location,Melbourne,locationId,1002,area,Eastern Suburbs,areaId,5071,suburbId,20787,workType,Full Time,classification,
id,6163,description,Community Services & Development,subClassification,
id,6164,description,Aged & Disability Support,salary,,companyProfileStructuredDataId,4510,companyName,Scope,locationWhereValue,All Melbourne VIC,areaWhereValue,Eastern Suburbs Melbourne VIC,suburbWhereValue,Glen Waverley VIC 3150,automaticInclusion,false,displayType,standard,tracking,ewogICJ0b2tlbiI6ICJmMjNkMzdkNy1lZWEyLTRiMjUtYWExMC1mOWQ0NTE1YmQyNDJfMyIKfQ==,queryString,type,standard,tier,no_tier,pos,1,where
id,3000,
id,35135732,listingDate,2017-12-21T12,52,29Z,title,Automation Systems Engineer | Pharmaceutical manufacturing,teaser,Support capital projects to ongoing support at a site that is going through extensive change and growth. MES, OSI Pi Historian, Werum.,bulletPoints,[Project work and operational support,Complex control systems,Be part of a rap
idly expanding site],advertiser,
id,19988157,description,CSL Limited,logo,
id,399445,description,399445.png,isPremium,false,isStandOut,true,location,Melbourne,locationId,1002,area,Northern Suburbs,areaId,5072,suburbId,18120,workType,Full Time,classification,
id,1209,description,Engineering,subClassification,
id,6028,description,Electrical\u002FElectronic Engineering,salary,,companyProfileStructuredDataId,262,companyName,CSL Limited,locationWhereValue,All Melbourne VIC,areaWhereValue,Northern Suburbs Melbourne VIC,suburbWhereValue,Broadmeadows VIC 3047,automaticInclusion,false,displayType,standout,tracking,ewogICJ0b2tlbiI6ICJmMjNkMzdkNy1lZWEyLTRiMjUtYWExMC1mOWQ0NTE1YmQyNDJfNCIKfQ==,queryString,type,standout,tier,no_tier,pos,2,where
id,3000,
id,35135731,listingDate,2017-12-21T12,51,14Z,title,Part time Food Delivery Driver in Hoppers Crossing,teaser,A business in Hoppers Crossing is seeking a part time Food Delivery Driver (up to 40 hours per week) to join our team.,bulletPoints,[],advertiser,
id,34309265,description,Jora Local,logo,
id,,description,null,isPremium,false,isStandOut,false,location,Melbourne,locationId,1002,area,Western Suburbs,areaId,5073,suburbId,23356,workType,Part Time,classification,
id,1212,description,Hospitality & Tourism,subClassification,
id,6057,description,Other,salary,,companyProfileStructuredDataId,334593,companyName,Jora Local,locationWhereValue,All Melbourne VIC,areaWhereValue,Western Suburbs Melbourne VIC,suburbWhereValue,Hoppers Crossing VIC 3029,automaticInclusion,false,displayType,standard,tracking,ewogICJ0b2tlbiI6ICJmMjNkMzdkNy1lZWEyLTRiMjUtYWExMC1mOWQ0NTE1YmQyNDJfNSIKfQ==,queryString,type,standard,tier,no_tier,pos,3,where
id,3000,
id,35135730,listingDate,2017-12-21T12,50,00Z,title,Broken Hill Hotel... \u003Cbr\u003E Food & Beverage Staff \u003Cbr\u003E,teaser,The Broken Hill Hotel is seeking experienced and reliable Bar Staff a Restaurant Supervisor.,bulletPoints,[],advertiser,
id,21258623,description,Broken Hill Hotel,logo,
id,,description,null,isPremium,false,isStandOut,false,location,Perth,locationId,1009,area,,suburbId,21589,workType,Casual\u002FVacation,classification,
id,1212,description,Hospitality & Tourism,subClassification,
id,1332,description,Bar & Beverage Staff,salary,,companyProfileStructuredDataId,14300,companyName,Broken Hill Hotel,locationWhereValue,All Perth WA,suburbWhereValue,Victoria Park WA 6100,automaticInclusion,false,displayType,standard,tracking,ewogICJ0b2tlbiI6ICJmMjNkMzdkNy1lZWEyLTRiMjUtYWExMC1mOWQ0NTE1YmQyNDJfNiIKfQ==,queryString,type,standard,tier,no_tier,pos,4,where
id,3000,
id,35135729,listingDate,2017-12-21T12,45,33Z,title,Infrastructure Delivery Manager - 3 month contract,teaser,We're after a technical Infrastructure Delivery Manager to assist us with build and commission of a new network platform.,bulletPoints,[],advertiser,
id,28239415,description,Interactive Pty Ltd,logo,
id,,description,null,isPremium,false,isStandOut,false,location,Melbourne,locationId,1002,area,CBD & Inner Suburbs,areaId,5069,suburbId,18578,workType,Contract\u002FTemp,classification,
id,6281,description,Information & Communication Technology,subClassification,
id,6295,description,Programme & Project Management,salary,,companyProfileStructuredDataId,2928,companyName,Interactive,locationWhereValue,All Melbourne VIC,areaWhereValue,Melbourne CBD & Inner Suburbs Melbourne VIC,suburbWhereValue,Melbourne VIC 3000,automaticInclusion,false,displayType,standard,tracking,ewogICJ0b2tlbiI6ICJmMjNkMzdkNy1lZWEyLTRiMjUtYWExMC1mOWQ0NTE1YmQyNDJfNyIKfQ==,queryString,type,standard,tier,no_tier,pos,5,where
id,3000,
id,35135728,listingDate,2017-12-21T12,43,34Z,title,\u003Cbr\u003EChef - Broken Hill Hotel...,teaser,The Broken Hill Hotel located in Victoria Park is looking for a motivated and skiled Chef that will be an integral part of our kitchen team.,bulletPoints,[],advertiser,
id,21258623,description,Broken Hill Hotel,logo,
id,,description,null,isPremium,false,isStandOut,false,location,Perth,locationId,1009,area,CBD, Inner & Western Suburbs,areaId,5048,suburbId,21589,workType,Casual\u002FVacation,classification,
id,1212,description,Hospitality & Tourism,subClassification,
id,6052,description,Chefs\u002FCooks,salary,,companyProfileStructuredDataId,14300,companyName,Broken Hill Hotel,locationWhereValue,All Perth WA,areaWhereValue,Perth CBD, Inner & Western Suburbs Perth WA,suburbWhereValue,Victoria Park WA 6100,automaticInclusion,false,displayType,standard,tracking,ewogICJ0b2tlbiI6ICJmMjNkMzdkNy1lZWEyLTRiMjUtYWExMC1mOWQ0NTE1YmQyNDJfOCIKfQ==,queryString,type,standard,tier,no_tier,pos,6,where
id,3000,
id,35135727,listingDate,2017-12-21T12,40,06Z,title,Contract Coordinator Role - Bayswater,teaser,Salary Packaging + a great work life balance + purchased leave scheme + making a difference to the lives of people with a disability,bulletPoints,[],advertiser,
id,14910956,description,Scope (Aust) Ltd,logo,
id,,description,null,isPremium,false,isStandOut,false,location,Melbourne,locationId,1002,area,Eastern Suburbs,areaId,5071,suburbId,17214,workType,Contract\u002FTemp,classification,
id,6163,description,Community Services & Development,subClassification,
id,6164,description,Aged & Disability Support,salary,,companyProfileStructuredDataId,4510,companyName,Scope,locationWhereValue,All Melbourne VIC,areaWhereValue,Eastern Suburbs Melbourne VIC,suburbWhereValue,Bayswater VIC 3153,automaticInclusion,false,displayType,standard,tracking,ewogICJ0b2tlbiI6ICJmMjNkMzdkNy1lZWEyLTRiMjUtYWExMC1mOWQ0NTE1YmQyNDJfOSIKfQ==,queryString,type,standard,tier,no_tier,pos,7,where
id,3000,
id,35135726,listingDate,2017-12-21T12,39,33Z,title,Agile Product Owner - 6 month contract,teaser,Fantastic opportunity for an experienced Product Owner working with the Agile methodology for the development of a new global transport technology,bulletPoints,[Development of a new international software transportation system,Fun and vibrant office environment,Work directly with a locally based software development team.],advertiser,
id,7726240,description,Vix Technology Aust Pty Ltd,logo,
id,359656,description,359656.jpg,isPremium,false,isStandOut,true,location,Perth,locationId,1009,area,CBD, Inner & Western Suburbs,areaId,5048,suburbId,11705,workType,Contract\u002FTemp,classification,
id,6281,description,Information & Communication Technology,subClassification,
id,6283,description,Business\u002FSystems Analysts,salary,,companyProfileStructuredDataId,2174,companyName,Vix Technology,locationWhereValue,All Perth WA,areaWhereValue,Perth CBD, Inner & Western Suburbs Perth WA,suburbWhereValue,Perth WA 6000,automaticInclusion,false,displayType,standout,tracking,ewogICJ0b2tlbiI6ICJmMjNkMzdkNy1lZWEyLTRiMjUtYWExMC1mOWQ0NTE1YmQyNDJfMTAiCn0=,queryString,type,standout,tier,no_tier,pos,8,where
id,3000,
id,35135725,listingDate,2017-12-21T12,38,06Z,title,Telstra Hosted Technician Traineeship Perth,teaser,Be a part of Telstra's Network Construction and Services Team!,bulletPoints,[Working with Telstra's IT & Telco Technology!,Learn from the best in the Telecommunications industry!,Earn whilst you learn!],advertiser,
id,35496391,description,Programmed Skilled Workforce,logo,
id,631144,description,631144.jpg,isPremium,false,isStandOut,true,location,Perth,locationId,1009,area,,workType,Full Time,classification,
id,6281,description,Information & Communication Technology,subClassification,
id,6300,description,Telecommunications,salary,,companyProfileStructuredDataId,4225,companyName,Programmed Maintenance Services,locationWhereValue,All Perth WA,automaticInclusion,false,displayType,standout,tracking,ewogICJ0b2tlbiI6ICJmMjNkMzdkNy1lZWEyLTRiMjUtYWExMC1mOWQ0NTE1YmQyNDJfMTEiCn0=,queryString,type,standout,tier,no_tier,pos,9,where
id,3000,
id,35135724,listingDate,2017-12-21T12,35,43Z,title,General Manager,teaser,Seeking 2018 to be YOUR YEAR OF GROWTH? Seeking that next step to General Management? Do you have a strong civil background? Contact Guy @ Zenith,bulletPoints,[],advertiser,
id,26847409,description,Zenith Search,logo,
id,,description,null,isPremium,false,isStandOut,false,location,Perth,locationId,1009,area,,workType,Full Time,classification,
id,7019,description,CEO & General Management,subClassification,
id,7023,description,General\u002FBusiness Unit Manager,salary,Exc opportunity & package,companyProfileStructuredDataId,346277,companyName,Zenith Search,locationWhereValue,All Perth WA,automaticInclusion,false,displayType,standard,tracking,ewogICJ0b2tlbiI6ICJmMjNkMzdkNy1lZWEyLTRiMjUtYWExMC1mOWQ0NTE1YmQyNDJfMTIiCn0=,queryString,type,standard,tier,no_tier,pos,10,where
id,3000,
id,35135723,listingDate,2017-12-21T12,35,09Z,title,Telstra Hosted Technician Traineeship Adela
ide,teaser,Be a part of Telstra's Network Construction and Services Team!,bulletPoints,[Working with Telstra's IT & Telco Technology!,Learn from the best in the Telecommunications industry!,Earn whilst you learn!],advertiser,
id,35496391,description,Programmed Skilled Workforce,logo,
id,631144,description,631144.jpg,isPremium,false,isStandOut,true,location,Adela
ide,locationId,1007,area,,workType,Full Time,classification,
id,6281,description,Information & Communication Technology,subClassification,
id,6300,description,Telecommunications,salary,,companyProfileStructuredDataId,4225,companyName,Programmed Maintenance Services,locationWhereValue,All Adela
ide SA,automaticInclusion,false,displayType,standout,tracking,ewogICJ0b2tlbiI6ICJmMjNkMzdkNy1lZWEyLTRiMjUtYWExMC1mOWQ0NTE1YmQyNDJfMTMiCn0=,queryString,type,standout,tier,no_tier,pos,11,where
id,3000,
id,35135722,listingDate,2017-12-21T12,32,43Z,title,Telstra Hosted Technician Traineeship Melbourne,teaser,Be a part of Telstra's Network Construction and Services Team!,bulletPoints,[Working with Telstra's IT & Telco Technology!,Learn from the best in the Telecommunications industry!,Earn whilst you learn!],advertiser,
id,35496391,description,Programmed Skilled Workforce,logo,
id,631144,description,631144.jpg,isPremium,false,isStandOut,true,location,Melbourne,locationId,1002,area,,workType,Full Time,classification,
id,6281,description,Information & Communication Technology,subClassification,
id,6300,description,Telecommunications,salary,,companyProfileStructuredDataId,4225,companyName,Programmed Maintenance Services,locationWhereValue,All Melbourne VIC,automaticInclusion,false,displayType,standout,tracking,ewogICJ0b2tlbiI6ICJmMjNkMzdkNy1lZWEyLTRiMjUtYWExMC1mOWQ0NTE1YmQyNDJfMTQiCn0=,queryString,type,standout,tier,no_tier,pos,12,where
id,3000,
id,35135721,listingDate,2017-12-21T12,32,16Z,title,Facility Manager | Pharmaceutical Manufacturing,teaser,Focus on the delivery of critical GMP services to support manufacturing. Focus on cleaning, gowning and waste management.,bulletPoints,[Vendor management,Key stakeholder engagement,Permanent, full time position],advertiser,
id,19988157,description,CSL Limited,logo,
id,399445,description,399445.png,isPremium,false,isStandOut,true,location,Melbourne,locationId,1002,area,Northern Suburbs,areaId,5072,suburbId,18120,workType,Full Time,classification,
id,6092,description,Manufacturing, Transport & Logistics,subClassification,
id,6102,description,Management,salary,,companyProfileStructuredDataId,262,companyName,CSL Limited,locationWhereValue,All Melbourne VIC,areaWhereValue,Northern Suburbs Melbourne VIC,suburbWhereValue,Broadmeadows VIC 3047,automaticInclusion,false,displayType,standout,tracking,ewogICJ0b2tlbiI6ICJmMjNkMzdkNy1lZWEyLTRiMjUtYWExMC1mOWQ0NTE1YmQyNDJfMTUiCn0=,queryString,type,standout,tier,no_tier,pos,13,where
id,3000,
id,35135720,listingDate,2017-12-21T12,30,11Z,title,Systems Operations Engineer,teaser,Leading edge global technology company CBD location,bulletPoints,[],advertiser,
id,7726240,description,Vix Technology Aust Pty Ltd,logo,
id,,description,null,isPremium,false,isStandOut,false,location,Perth,locationId,1009,area,CBD, Inner & Western Suburbs,areaId,5048,suburbId,11705,workType,Full Time,classification,
id,6281,description,Information & Communication Technology,subClassification,
id,6293,description,Networks & Systems Administration,salary,,companyProfileStructuredDataId,2174,companyName,Vix Technology,locationWhereValue,All Perth WA,areaWhereValue,Perth CBD, Inner & Western Suburbs Perth WA,suburbWhereValue,Perth WA 6000,automaticInclusion,false,displayType,standard,tracking,ewogICJ0b2tlbiI6ICJmMjNkMzdkNy1lZWEyLTRiMjUtYWExMC1mOWQ0NTE1YmQyNDJfMTYiCn0=,queryString,type,standard,tier,no_tier,pos,14,where
id,3000,
id,35135719,listingDate,2017-12-21T12,28,41Z,title,Telstra Hosted Technician Traineeship Canberra,teaser,Be a part of Telstra's Network Construction and Services Team!,bulletPoints,[Working with Telstra's IT & Telco Technology!,Learn from the best in the Telecommunications industry!,Earn whilst you learn!],advertiser,
id,35496391,description,Programmed Skilled Workforce,logo,
id,631144,description,631144.jpg,isPremium,false,isStandOut,true,location,ACT,locationId,1015,area,,suburbId,22487,workType,Full Time,classification,
id,6281,description,Information & Communication Technology,subClassification,
id,6300,description,Telecommunications,salary,,companyProfileStructuredDataId,4225,companyName,Programmed Maintenance Services,locationWhereValue,All Canberra ACT,suburbWhereValue,Canberra ACT 2600,automaticInclusion,false,displayType,standout,tracking,ewogICJ0b2tlbiI6ICJmMjNkMzdkNy1lZWEyLTRiMjUtYWExMC1mOWQ0NTE1YmQyNDJfMTciCn0=,queryString,type,standout,tier,no_tier,pos,15,where
id,3000,
id,35135718,listingDate,2017-12-21T12,25,04Z,title,Telstra Hosted Technician Traineeship Newcastle,teaser,Be a part of Telstra's Network Construction and Services Team!,bulletPoints,[Working with Telstra's IT & Telco Technology!,Learn from the best in the Telecommunications industry!,Earn whilst you learn!],advertiser,
id,35496391,description,Programmed Skilled Workforce,logo,
id,631144,description,631144.jpg,isPremium,false,isStandOut,true,location,Newcastle, Maitland & Hunter,locationId,5045,area,,suburbId,23785,workType,Full Time,classification,
id,6281,description,Information & Communication Technology,subClassification,
id,6300,description,Telecommunications,salary,,companyProfileStructuredDataId,4225,companyName,Programmed Maintenance Services,locationWhereValue,Newcastle, Maitland & Hunter NSW,suburbWhereValue,Newcastle NSW 2300,automaticInclusion,false,displayType,standout,tracking,ewogICJ0b2tlbiI6ICJmMjNkMzdkNy1lZWEyLTRiMjUtYWExMC1mOWQ0NTE1YmQyNDJfMTgiCn0=,queryString,type,standout,tier,no_tier,pos,16,where
id,3000,
id,35135717,listingDate,2017-12-21T12,21,38Z,title,Claims Managers - Storm Season,teaser,Exciting opportunities across various reputable companies during the storm season. ,bulletPoints,[Various Locations across Brisbane ,Multiple upcoming opportunities,Learn new skills with a reputable employer],advertiser,
id,26537342,description,Randstad - Business Support,logo,
id,258978,description,258978.jpg,isPremium,false,isStandOut,true,location,Brisbane,locationId,1004,area,CBD & Inner Suburbs,areaId,5010,suburbId,18110,workType,Contract\u002FTemp,classification,
id,1204,description,Call Centre & Customer Service,subClassification,
id,6085,description,Customer Service - Call Centre,salary,,companyProfileStructuredDataId,1275,companyName,Randstad,locationWhereValue,All Brisbane QLD,areaWhereValue,Brisbane CBD & Inner Suburbs Brisbane QLD,suburbWhereValue,Brisbane QLD 4000,automaticInclusion,false,displayType,standout,tracking,ewogICJ0b2tlbiI6ICJmMjNkMzdkNy1lZWEyLTRiMjUtYWExMC1mOWQ0NTE1YmQyNDJfMTkiCn0=,queryString,type,standout,tier,no_tier,pos,17,where
id,3000,
id,35135716,listingDate,2017-12-21T12,17,35Z,title,Customer Service Representative,teaser,Responsible in navigating ERP system to process orders, returns, credits, debits and service notifications. Address customer requests and feedback.,bulletPoints,[Challenging and Exciting Job Opportunity,Be part of the team in driving Customer and Operations Excellence,Great package including Bonus, Career Growth and Great Benefitsâ€¦],advertiser,
id,33335073,description,Markem-Imaje Pty Ltd,logo,
id,546359,description,546359.jpg,isPremium,false,isStandOut,true,location,Sydney,locationId,1000,area,North West & Hills District,areaId,5029,suburbId,17316,workType,Full Time,classification,
id,6092,description,Manufacturing, Transport & Logistics,subClassification,
id,6109,description,Purchasing, Procurement & Inventory,salary,,companyProfileStructuredDataId,0,locationWhereValue,All Sydney NSW,areaWhereValue,North West & Hills District Sydney NSW,suburbWhereValue,Bella Vista NSW 2153,automaticInclusion,false,displayType,standout,tracking,ewogICJ0b2tlbiI6ICJmMjNkMzdkNy1lZWEyLTRiMjUtYWExMC1mOWQ0NTE1YmQyNDJfMjAiCn0=,queryString,type,standout,tier,no_tier,pos,18,where
id,3000,
id,35135715,listingDate,2017-12-21T12,15,25Z,title,Account Director - Not-for-Profit \u002F dynamic agency,teaser,An exciting opportunity to work with global not-for-profit clients to develop fundraising initiatives to connect indiv
iduals with those in need!,bulletPoints,[Account Director - strong direct marketing experience,Not-for-profit fundraising experience preferred,Supportive team culture and great growth opportunities],advertiser,
id,32598755,description,Stopgap,logo,
id,542743,description,542743.gif,isPremium,false,isStandOut,true,location,Sydney,locationId,1000,area,CBD, Inner West & Eastern Suburbs,areaId,5027,suburbId,16351,workType,Full Time,classification,
id,6304,description,Advertising, Arts & Media,subClassification,
id,6305,description,Agency Account Management,salary,Up to $125,000 Package,companyProfileStructuredDataId,346916,companyName,Stopgap,locationWhereValue,All Sydney NSW,areaWhereValue,Sydney CBD, Inner West & Eastern Suburbs Sydney NSW,suburbWhereValue,Sydney NSW 2000,automaticInclusion,false,displayType,standout,tracking,ewogICJ0b2tlbiI6ICJmMjNkMzdkNy1lZWEyLTRiMjUtYWExMC1mOWQ0NTE1YmQyNDJfMjEiCn0=,queryString,type,standout,tier,no_tier,pos,19,where
id,3000,
id,35135714,listingDate,2017-12-21T12,15,11Z,title,Telstra Hosted Technician Traineeship Sydney,teaser,Be a part of Telstra's Network Construction and Services Team!,bulletPoints,[Working with Telstra's IT & Telco Technology!,Learn from the best in the Telecommunications industry!,Earn whilst you learn!],advertiser,
id,35496391,description,Programmed Skilled Workforce,logo,
id,631144,description,631144.jpg,isPremium,false,isStandOut,true,location,Sydney,locationId,1000,area,,workType,Full Time,classification,
id,6281,description,Information & Communication Technology,subClassification,
